/Volumes/Kardon/Jenn/homeostasis/muscle quant/modified dia test/15536_2032_0.tif,23,24,28,42,188,359,259,75,223,182,141,38,149,72,166,265,208,249,56,198,196,204,118,71,253,279,324,143,425,25,242,123,220,114,345,176,134,26,111,156,86,22,241,244,264,444,133,186,30,122,330,137,29,251,153,30,362,43,339,480,277,40,199,155,347,86,263,106,166,113,342,173,28,198,217,28,95,22,141,101,200,112,182,33,102,44,249,154,83,210,130,62,52,75,100,90,21,124,141,255,237,83,79,182,199,77,111,298,44,83,202,44,164,142,284,229,27,104,46,61,53,218,38,267,212,46,83,217,236,150,331,163,287,252,174,172,554,305,237,257,173,203,309,139,73,216,227,65,27,172,101,164,73,136,123,172,59,172,142,93,95,224,387,276,38,55,138,107,126,164,25,64,51,652,283,53,157,242,241,42,246,134,281,83,145,138,119,92,44,158,151,135,193,182,25,160,137,262,218,59,32,115,68,55,322,78,206,178,232,47,187,203,255,205,169,200,242,227,266,61,122,231,141,59,141,268,488,162,465,216,254,282,186,177,156,194,184,196,376,532,191,338,212,140,44,223,58,147,135,221,260,343,27,144,108,65,1036,299,106,31,51,282,185,60,458,150,34,271,98,158,80,392,51,47,200,275,60,61,21,244,96,105,39,294,226,334,222,190,95,31,149,113,207,25,81,101,169,83,33,314,134,262,219,180,149,96,130,374,335,120,350,26,172,59,68,166,66,189,146,32,507,301,404,319,197,76,137,167,206,33,112,288,119,236,426,280,69,88,122,144,42,27,44,188,271,24,111,397,277,323,343,183,287,70,172,473,248,224,204,217,46,237,90,150,143,131,181,214,188,220,218,134,228,75,58,227,81,113,237,22,136,176,231,220,134,277,133,200,392,120,158,54,152,138,301,94,105,118,24,37,184,37,62,39,40,306,65,121,71,60,212,51,214,156,261,33,59,31,25,56,180,98,180,21,99,74,30,127,220,201,49,24,127,53,25,146,30,244,35,93,89,259,466,33,165,182,204,87,191,217,87,190,21,141,123,250,163,233,181,257,211,207,258,205,460,261,476,429,198,166,195,581,213,282,251,76,255,373,428,191,174,206,283,370,222,244,25,436,264,262,57,154,117,158,260,336,344,127,383,183,60,42,391,359,137,482,237,202,239,171,237,224,42,133,339,188,90,180,364,41,349,105,159,24,154,178,372,260,106,28,85,207,169,344,102,187,33,182,133,225,91,103,257,327,681,78,226,243,210,182,54,192,79,90,24,117,180,143,153,219,109,132,133,295,33,247,103,90,38,212,191,168,320,24,153,241,22,353,302,24,237,127,144,213,426,117,291,90,327,48,338,236,47,55,264,505,384,394,246,268,384,179,336,160,264,433,261,303,112,123,154,80,73,74
/Volumes/Kardon/Jenn/homeostasis/muscle quant/modified dia test/16817_251_1.tif,194,81,155,124,110,440,97,202,200,100,90,220,296,154,477,175,236,405,143,233,254,260,217,234,142,155,94,138,231,163,198,244,246,219,178,267,120,123,153,152,32,118,259,273,203,236,280,120,264,206,99,209,93,127,177,206,179,95,215,274,101,123,169,189,200,140,283,195,239,257,79,107,118,166,214,198,273,139,65,283,229,350,76,120,68,178,295,179,136,293,191,308,264,225,205,170,408,162,84,197,69,94,83,256,206,178,96,295,219,84,220,385,321,395,214,395,354,241,182,210,126,33,76,348,361,329,173,54,365,157,292,284,266,116,64,237,92,167,153,288,98,35,142,358,165,257,199,262,307,309,397,345,320,383,325,252,255,756,195,346,325,811,215,350,240,390,322,91,342,161,100,483,336,214,285,277,242,415,367,212,478,258,278,369,338,419,314,299,291,194,327,266,595,271,271,188,318,501,256,454,220,181,371,186,310,246,388,292,278,298,393,162,179,290,325,358,377,141,356,178,246,87,440,261,156,216,341,307,552,152,289,386,88,257,151,229,54,318,203,348,177,166,231,63,318,491,98,53,96,224,166,251,493,125,80,327,107,343,189,359,270,430,133,583,199,192,113,234,184,172,181,239,122,169,356,177,163,78,112,198,359,182,127,21,62,171,128,75,420,177,277,136,185,269,676,184,94,513,173,325,355,309,403,223,236,216,181,207,93,194,783,222,328,164,287,417,358,213,345,116,261,27,292,89,335,225,320,22,343,62,45,277,342,287,199,329,591,410,187,328,219,221,35,313,314,940,147,236,24,22,263,323,438,173,119,186,314,261,319,343,386,362,55,63,235,899,273,161,192,445,104,330,86,379,193,26,269,354,326,185,205,348,79,210,74,274,198,120,559,164,284,114,114,404,278,236,93,316,408,356,204,23,282,335,33,147,281,140,180,239,248,64,171,422,296,331,269,173,86,287,129,555,354,120,424,108,164,337,85,117,28,178,357,266,94,390,351,91,156,335,135,440,578,127,142,349,119,131,77,287,123,151,269,134,182,242,298,201,119,262,168,87,32,386,115,69,93,149,172,340,197,271,138,188,215,375,140,86,126,155,327,63,172,105,92,152,214,352,373,90,301,458,70,246,507,134,169,59,142,108,170,215,276,359,452,299,192,246,281,141,360,141,111,220,45,216,35,234,210,223,456,381,50,517,168,374,187,53,240,188,281,261,113,219,353,126,154,141,222,184,151,203,191,217,294,192,46,296,168,151,181,414,219,431,122,91,67,509,107,58,308,184,142,183,481,333,68,259,172,93,159,118,29,94,82,195,143,247,34,214,619,231,130,283,176,179,67,293,154,242,167,234,116,221,224,310,255,261,287,258,211,380,207,315,429,220,180,171,366,224,152,216,89,265,278,304,201,245,215,263,205,157,143,211,212,75,261,214,62,270,158,54,157,219,378,287,176,411,171,220,210,149,84,239,190,35,193,289,256,372,241,465,95,161,256,177,311,210,74,222,190,125,267,38,205,198,234,140,97,98,185,201,304,24,61,136,169,281,118,326,82,189,78,229,261,25,201,208,96,251,281,166,194,125,48,122,360,204,164,253,305,420,168,246,121,140,289,153,145,112,95,372,207,179,215,167,94,128,167,126,124,258,135,85,153,111,54,161,147,103,87,118,115,221,189,76,184,77,194,92,163,195,351,184,204,87,89,55,129,69,147,82,248,215,235,142,135,204,86,144,106,229,104,308,105,249,86,382,155,165,228,84,103,232,139,221,219,128,160,58,151,106,71,299,312,223,193,104,227,194,277,222,71,104,188,206,193,217,164,119,24,21,151,23,69,110,181,197,85,109,174,292,168,225,100,96,62,76,161,48,127,83,47,118,226,118
/Volumes/Kardon/Jenn/homeostasis/muscle quant/modified dia test/16399_247_0.tif,24,302,169,276,32,261,242,257,163,216,170,227,336,431,288,148,322,233,41,80,171,227,292,292,227,311,245,164,182,198,167,209,147,171,217,229,187,32,231,159,180,77,117,72,155,27,199,136,174,102,70,107,152,245,149,35,33,100,37,52,188,48,57,66,173,315,181,207,45,276,227,27,129,265,221,27,48,211,66,292,25,110,33,166,117,192,142,148,301,45,158,45,233,21,151,194,73,109,297,57,106,245,277,27,230,120,61,26,258,28,180,134,37,49,132,230,108,170,355,56,88,84,96,149,58,208,44,120,51,299,41,109,132,332,194,210,197,127,325,72,163,22,160,106,194,79,91,168,158,111,227,92,244,147,52,174,163,144,131,277,74,222,166,143,108,106,224,214,200,159,97,179,152,75,75,41,92,149,29,135,48,177,149,68,180,196,102,197,241,229,113,269,111,124,256,174,148,113,196,49,101,123,300,116,102,226,168,189,959,146,132,104,279,124,178,206,52,267,118,321,193,274,179,108,247,185,130,92,169,258,85,289,144,92,212,70,258,32,439,218,139,145,432,166,268,172,110,235,568,312,77,231,38,165,255,185,34,185,128,60,79,98,165,137,121,67,109,118,146,310,246,102,107,259,84,178,398,79,361,264,240,248,165,330,36,87,101,23,182,118,297,146,218,101,32,127,158,185,121,153,76,404,252,69,347,107,235,171,248,164,178,135,293,34,328,68,260,138,178,132,68,268,27,226,61,201,36,144,52,193,126,85,152,155,200,137,24,282,108,189,40,135,106,271,118,301,192,203,385,124,235,427,187,227,169,339,98,132,240,220,204,190,527,147,287,200,54,296,109,144,55,231,377,406,178,241,341,155,277,185,180,265,176,369,224,198,210,238,109,245,331,234,311,266,167,105,74,355,231,211,46,119,307,292,363,323,112,791,319,183,158,209,196,259,402,226,234,834,150,270,292,231,117,190,447,77,282,107,188,336,407,174,65,472,121,334,242,300,45,278,192,56,263,90,355,269,404,529,76,310,346,380,284,303,562,145,343,429,214,264,327,468,263,419,231,100,122,181,115,165,350,275,262,212,274,291,66,576,348,321,454,211,447,362,255,223,309,513,259,52,159,276,256,216,356,239,105,453,71,350,262,579,263,268,102,251,328,209,268,139,175,250,125,163,365,206,302,247,162,194,268,178,554,354,224,143,228,404,269,545,394,216,238,255,250,392,372,184,319,430,496,259,304,319,353,261,212,428,194,265,316,419,105,348,304,200,284,258,96,207,343,220,960,293,408,323,346,199,257,402,347,294,283,250,427,32,205,325,256,162,358,275,314,285,139,292,132,451,238,425,277,325,392,207,283,151,232,262,257,285,241,330,337,471,515,379,222,206,359,311,190,396,209,272,287,265,332,572,333,394,277,170,368,294,50,320,278,458,358,320,279,503,231,214,282,414,109,83,440,383,265,255,372,392,250,288,508,339,144,133,275,108,334,305,473,128,195,138,274,168,308,269,138,210,348,189,349,272,300,288,351,395,294,335,404,244,240,152,155,242,533,233,372,344,399,331,168,319,183,334,308,200,58,292,291,232,362,348,205,158,196,235,276,229,269,249,341,277,322,380,199,343,200,131,284,239,288,304,253,439,228,268,179,275,319,309,392,296,249,322,243,288,266,352,324,173,361,477,358,272,249,349,447,327,251,390,472,367,292,289,348,271,231,139,355,272,35
/Volumes/Kardon/Jenn/homeostasis/muscle quant/modified dia test/15732_2157_1.tif,218,171,299,231,128,230,143,288,109,24,141,102,49,290,171,240,399,225,256,413,123,286,230,177,159,79,177,210,189,43,32,107,165,98,206,179,56,38,54,257,252,124,114,203,190,157,174,143,263,279,198,156,253,227,116,228,119,130,271,206,156,167,169,167,107,176,120,217,179,238,95,214,196,147,204,146,110,155,173,195,183,125,161,229,150,24,78,259,129,245,124,119,195,157,96,237,107,190,169,164,217,101,135,161,37,249,23,185,33,230,159,87,288,121,83,229,103,155,129,77,235,121,95,118,228,307,24,44,35,256,145,183,204,189,28,135,150,154,175,198,161,131,225,236,106,132,131,116,149,157,55,24,113,139,26,167,276,202,219,264,151,33,75,158,237,243,412,64,44,99,73,228,145,201,233,90,260,286,224,103,223,254,179,283,126,182,158,150,177,156,203,152,190,67,230,24,99,169,21,235,160,261,334,110,24,26,58,100,154,71,254,178,49,196,62,282,241,151,255,421,144,153,168,74,93,158,153,177,27,309,269,320,161,128,83,168,25,230,170,105,237,73,114,201,80,254,118,287,189,106,215,160,273,40,77,172,262,26,131,253,323,274,31,110,163,261,35,65,283,268,87,284,38,219,160,32,192,42,165,159,260,52,261,180,59,109,99,106,200,148,160,213,107,147,84,214,93,111,101,47,170,91,30,168,99,216,134,205,135,28,38,127,26,185,164,145,29,97,233,56,180,119,145,60,151,213,73,80,71,164,79,229,56,64,81,210,243,22,147,145,62,34,28,47,464,83,109,155,76,47,91,152,52,132,440,65,125,172,27,99,151,30,249,87,116,102,158,52,30,118,120,286,245,79,104,368,151,181,80,127,234,89,241,86,81,188,184,110,294,192,261,132,79,60,137,259,214,253,192,48,148,380,186,185,604,141,21,166,144,157,146,262,149,288,84,199,146,55,229,49,182,149,143,58,380,68,210,180,197,159,166,112,147,82,176,37,183,188,88,174,118,23,135,168,41,30,82,212,181,100,69,187,121,357,90,90,214,27,238,149,47,43,217,581,46,137,99,88,35,21,47,59,88,189,74,167,74,51,93,70,171,93,128,148,46,27,82,162,158,107,73,68,31,111,285,206,101,163,212,114,122,204,106,158,237,165,137,96,209,118,273,63,126,131,120,108,142,146,183,145,121,201,140,30,134,163,257,122,179,153,175,176,90,190,227,96,205,239,164,136,185,161,251,168,251,81,201,25,121,207,192,42,85,217,415,157,180,138,261,165,209,303,177,175,165,174,195,133,265,281,140,150,191,136,252,100,207,159,56,90,125,239,154,207,237,98,110,191,288,154,193,140,188,133,137,267,153,278,174,164,71,192,29,75,157,39,138,173,199,179,196,53,167,66,247,154,113,109,166,104,158,125,115,206,141,97,185,260,86,120,185,232,170,110,77,312,130,303,55,112,215,160,162,162,129,196,227,150,152,74,83,61,186,122,159,252,101,124,265,89,65,83,115,53,211,25,95,176,262,161,122,115,65,260,103,63,135,141,58,44,48,93,60,189,125,123,151,297,63,165,74,240,104,260,183,217,78,114,131,96,242,203,46,201,254,186,218,58,261,92,231,164,263,265,202,70,184,183,260,86,217,36,182,224,221,221,225,185,284,263,209,149,205,211,110,225,97,108,43,220,176,268,185,191,157,125,189,30,115,264,76,142,168,94,154,30,124,100,113,116,169,166,60,200,117,115
/Volumes/Kardon/Jenn/homeostasis/muscle quant/modified dia test/15734_2198_1.tif,59,25,37,111,97,69,41,45,98,23,33,55,31,28,34,103,77,46,24,27,64,48,24,29,27,29,34,34,57,34,35,71,63,31,106,45,21,57,24,75,24,40,41,122,76,156,63,71,33,42,35,46,28,31,21,21,95,24,55,44,134,48,206,62,112,112,30,28,38,105,96,22,44,93,51,21,119,39,47,54,81,72,23,105,30,83,23,61,28,22
/Volumes/Kardon/Jenn/homeostasis/muscle quant/modified dia test/16818_252_1.tif,227,118,229,197,207,173,131,148,239,172,69,283,137,313,171,243,273,143,100,200,113,329,143,234,77,113,314,256,65,139,148,486,218,150,199,276,390,444,356,344,283,265,344,285,269,120,165,397,377,292,216,292,206,342,295,160,280,274,358,453,36,412,246,468,365,384,525,560,230,313,294,280,252,307,533,253,305,252,119,109,215,1012,247,295,396,356,330,284,398,177,97,192,111,325,239,291,320,245,206,161,276,125,386,173,342,200,152,160,304,192,173,236,333,665,337,243,79,251,301,311,72,439,427,275,335,253,269,274,459,268,285,269,303,269,294,658,239,249,263,232,248,161,370,210,271,173,298,270,241,260,243,125,231,225,308,238,361,122,118,259,335,193,210,302,269,227,168,309,340,261,396,259,272,243,376,233,169,180,293,267,290,368,181,247,298,258,444,240,151,118,255,179,414,371,403,87,559,256,135,456,486,166,198,127,264,194,313,215,107,152,122,143,310,108,343,130,496,279,272,518,268,116,193,144,129,238,132,328,78,292,641,99,246,356,508,126,306,219,556,52,158,205,131,182,272,157,490,727,154,94,88,149,396,154,214,134,345,270,338,119,91,122,164,386,290,245,180,204,90,139,219,73,74,204,50,195,160,209,171,191,271,265,80,376,340,137,374,190,146,314,332,193,276,280,176,583,48,109,216,223,111,145,138,284,127,309,201,370,267,159,21,280,500,369,460,131,384,289,249,341,191,136,473,461,53,189,348,113,214,288,224,156,165,44,92,48,38,240,492,33,123,235,331,103,387,23,267,120,90,330,120,320,178,236,286,45,245,256,435,576,236,242,204,98,298,196,175,387,268,219,270,114,153,254,527,77,254,341,282,260,75,308,328,206,149,293,201,314,344,303,41,381,166,145,393,234,180,214,309,196,706,135,130,417,419,246,284,77,343,195,182,108,103,152,183,94,322,272,463,168,118,67,91,272,371,313,39,246,212,126,396,385,260,312,343,105,140,166,255,167,513,145,366,183,74,101,89,312,173,168,106,333,861,341,126,106,87,214,114,174,121,221,377,348,208,174,224,163,381,214,28,245,37,310,156,385,127,121,207,211,405,158,274,336,337,77,151,228,137,199,276,279,48,346,254,77,360,129,67,302,88,283,345,297,354,41,299,111,264,531,282,249,673,332,315,173,222,229,282,46,144,266,264,290,379,41,221,192,343,107,454,133,244,145,147,110,60,238,151,257,185,148,264,364,107,287,375,227,325,311,280,184,138,235,192,226,117,212,223,157,244,284,197,30,413,267,160,129,293,205,478,275,374,312,273,142,442,125,79,197,162,152,418,129,92,241,29,148,107,625,102,279,252,177,532,62,249,370,104,443,220,168,305,249,339,426,178,197,380,196,155,291,207,153,221,358,182,415,98,135,678,94,214,30,228,238,164,119,567,283,627,44,286,229,315,293,136,292,125,458,172,130,109,109,306,89,443,97,270,254,228,116,270,240,105,69,289,390,333,259,66,335,162,420,185,89,78,307,354,183,361,373,239,220,284,144,42,195,291,518,104,424,390,230,32,211,59,188,176,200,346,119,371,226,165,301,353,92,133,324,807,227,148,344,263,166,231,311,67,95,207,310,342,290,122,300,213,257,234,45,248,182,272,67,414,277,151,304,244,366,314,368,84,354,121,46,136,183,278,284,125,221,274,359,365,370,201,199,221,162,261,478,82,316,113,197,260,548,243,274,312,185,293,300,330,325,70,313,260,344,67,201,332,262,297,230,213,26,111,194,429,53,21,182,123,425,96,222,162,282,167,32,150,105,177,131,149,232,401,49,139,128,251,303,246,122,203,368,136,168,44,123,74,91,69,131,256,91,234,102,171,75,261,241,146,214,496,137,199,39,199,272,241,217,217,104,201,219,116,111,191,111,202,199,279,109,317,182,160,113,348,262,369,269,141,194,234,229,320,390,190,79,287,277,310,172,432,122,339,137,168,236,217,280,296,102,143,237,270,145,221,46,234,165,51,141,170,101,65,138,192,250,186,574,275,89,150,172,329,292,285,64,465,314,228,241,62,149,35,121,150,105,286,213,170,176,356,271,423,202,498,441,111,181,270,386,258,246,237,190,120,156,217,159,94,196,213,64,206,285,137,134,60,273,319,125,80,64,283,21,268,195,105,205,326,164,75,132,219,150,319,251,108,205,201,118,170,92,98,84,172,66,113,388,26,199,226,157,67,155,101,110,271,284,155,145,259,240,187,21,198,111,167,728,419,238,230,243,419,137,282,248,287,231,161,253,329,215,163,170,184,479,202,338,272,215,311,271,273,338,260,353,213,188,431,269,299,302,146,458,551,449,65,122,168,277,297,426,462,126,339,130,288,666,286,134,350,159,103,393,258,311,142,251,310,332,31,346,53,27,147,329,22,382,283,43,133,280,251,184,292,228,233,100,241,374,223,570,370,221,215,349,255,201,389,273,270,100,383,234,134,233,177,124,294,235,274,436,357,318,342,47,252,352,255,313,149,65,127,203,75,121,218,76,177,127,114,26,22,190,406,142,38,118,143
/Volumes/Kardon/Jenn/homeostasis/muscle quant/modified dia test/16818_253_1.tif,154,139,96,95,127,129,81,259,94,91,50,203,232,97,27,465,152,211,331,276,106,108,299,391,308,39,128,271,305,354,130,154,135,174,207,249,203,386,429,260,291,140,142,246,279,319,86,262,211,283,274,344,358,171,233,239,196,262,150,257,162,217,335,286,278,201,25,430,130,228,220,187,277,126,223,295,334,302,364,106,247,182,323,64,250,365,303,277,260,152,231,144,196,312,62,196,149,130,189,297,214,226,164,250,210,143,242,124,288,371,432,291,196,356,249,245,266,210,273,235,200,320,299,238,202,206,214,256,223,118,261,182,298,160,341,247,256,284,181,197,143,248,229,186,197,270,106,221,340,415,206,100,192,227,290,202,404,234,199,265,89,311,130,178,140,173,218,117,368,128,182,281,431,193,358,218,134,306,345,88,181,272,84,541,178,217,351,114,88,174,177,247,135,183,262,197,60,126,247,198,216,194,205,259,257,697,538,170,149,83,258,176,258,93,169,359,372,84,230,67,494,163,75,308,88,331,257,193,197,738,231,94,475,144,22,129,132,325,97,538,236,263,579,376,71,245,247,223,390,279,144,181,73,126,146,46,284,102,285,605,149,238,159,194,110,50,92,237,91,380,209,58,347,180,244,100,50,112,252,209,393,239,69,267,124,81,189,57,295,334,109,310,241,353,353,206,85,385,83,46,359,354,60,221,92,208,90,306,225,170,191,246,257,174,169,74,267,207,501,68,118,252,218,35,53,34,386,46,179,233,381,141,89,242,252,346,230,124,189,396,82,269,86,65,82,211,240,199,217,354,220,288,274,242,137,175,259,148,264,217,24,288,318,292,331,287,256,103,95,21,498,353,372,40,126,157,420,290,274,74,324,154,211,245,344,73,80,84,67,247,325,122,342,242,257,136,265,186,355,53,210,263,55,353,428,25,158,106,376,233,91,202,48,140,393,214,237,32,114,159,93,321,128,412,386,316,114,233,214,617,294,194,43,42,213,317,155,335,210,172,200,119,239,22,100,130,179,249,257,220,215,254,131,168,337,317,257,36,343,133,97,138,373,456,299,240,132,180,355,252,154,185,137,515,319,224,189,347,89,386,377,195,172,26,302,117,363,293,257,22,119,379,253,49,138,286,221,167,385,341,341,191,261,248,173,122,320,417,370,391,518,94,285,180,456,299,112,224,167,263,194,316,341,304,195,169,194,457,89,227,351,366,329,366,313,270,155,96,149,336,165,258,299,117,22,419,204,681,361,402,86,165,21,239,378,172,148,546,125,44,298,418,56,72,95,76,440,150,98,318,120,334,184,232,103,346,409,151,80,223,131,80,112,142,342,218,651,334,278,303,142,185,221,356,231,113,213,272,385,356,212,289,197,97,233,307,384,440,190,276,194,102,114,375,85,257,188,144,242,221,402,391,72,362,104,434,402,100,126,113,124,105,180,42,292,298,88,382,412,367,113,487,78,260,135,399,684,308,733,344,292,250,169,509,453,62,364,317,220,238,309,82,334,583,704,470,430,293,400,37,133,281,398,385,279,219,308,269,75,287,58,581,144,464,78,581,379,222,273,149,41,312,334,62,403,510,354,266,551,330,96,190,439,316,358,379,97,337,163,382,254,539,268,92,75,252,202,280,468,196,445,249,449,160,321,210,237,284,58,41,270,363,62,68,277,207,260,228,177,371,306,470,470,202,549,73,309,250,491,91,331,290,76,146,168,375,487,165,139,594,232,116,487,64,151,78,286,28,192,327,45,57,440,160,233,424,128,211,384,346,63,145,248,223,391,50,83,315,134,211,68,43,219,334,469,197,651,300,68,60,64,279,251,214,241,167,263,131,435,27,226,160,255,129,114,258,65,60,412,98,292,219,281,89,238,149,229,142,347,82,55,238,455,195,187,67,204,221,72,312,125,162,75,85,255,269,34,120,337,202,395,206,96,207,94,339,135,331,68,354,247,306,92,216,210,155,162,353,283,443,313,85,240,233,191,280,303,339,352,261,196,335,282,157,254,284,168,270,141,203,274,93,293,399,228,325,310,306,22,451,371,498,480,401,278,204,434,21,349,357,408,57,408,60,28,159,819,339,310,168,225,281,189,92,311,130,149,140,281,89,104,307,188,160,84,436,71,925,399,621,289,266,386,280,607,223,207,587,325,139,208,1141,262,267,180,186,333,264,216,356,89,350,259,280,529,527,437,290,250,110,270,352,234,576,927,117,347,278,315,89,308,209,372,300,231,329,243,427,118,44,373,369,106,86,82,89,334,297,60,137,105,144,112,178,111,174,87,123,225,61,283,250,164
/Volumes/Kardon/Jenn/homeostasis/muscle quant/modified dia test/16399_246_0.tif,378,298,284,294,416,193,204,259,159,393,340,25,310,421,315,360,366,368,175,311,256,285,241,122,692,375,310,41,314,206,343,258,451,158,245,244,178,195,324,140,126,433,239,277,237,511,61,159,94,300,204,284,257,329,262,195,260,371,200,608,330,309,501,218,450,351,113,44,368,29,332,322,145,94,200,305,235,412,351,402,109,222,81,166,315,304,252,373,100,622,34,119,310,441,113,165,425,157,381,269,398,116,303,350,378,412,526,334,259,788,154,389,284,315,279,414,301,328,217,421,219,493,164,148,446,388,273,215,380,443,235,179,194,389,296,279,370,320,254,238,290,39,335,231,306,234,161,255,202,34,135,335,329,107,249,253,169,119,609,177,151,402,223,282,450,229,323,455,206,201,185,372,383,222,343,179,263,218,220,323,993,584,92,194,214,320,228,286,294,188,294,331,209,223,305,171,430,99,70,307,376,302,82,107,179,299,103,216,336,162,73,165,245,332,151,771,302,224,222,107,85,94,301,125,325,144,53,388,118,263,287,411,311,194,420,312,131,342,298,471,338,463,305,343,219,350,349,294,287,367,435,239,205,238,353,359,190,224,381,151,400,416,164,229,438,239,247,30,181,335,259,206,352,360,226,29,245,393,28,318,98,294,251,459,200,313,179,374,278,295,291,440,439,60,217,302,316,219,45,449,25,249,237,259,261,361,83,391,315,215,200,29,285,444,361,293,295,355,105,261,194,246,127,159,410,290,309,226,137,435,400,299,440,449,354,145,477,448,185,295,244,219,239,365,383,370,186,344,151,300,417,376,257,525,381,238,179,728,294,210,451,325,116,434,421,381,203,147,373,278,293,557,282,496,385,165,672,290,682,292,263,239,240,300,821,282,51,122,636,258,369,296,256,346,755,286,335,304,278,388,326,305,160,179,409,226,376,292,190,271,107,256,134,481,259,212,116,377,218,282,380,293,217,239,326,372,119,648,165,202,382,322,289,268,385,894,169,636,208,184,184,307,260,251,108,23,236,337,419,128,311,328,483,181,198,379,320,351,299,273,678,415,307,152,306,294,420,510,170,48,468,182,471,181,172,371,148,174,288,375,368,556,90,372,298,199,30,252,211,309,146,154,209,391,103,229,608,236,297,447,230,438,201,426,189,544,296,769,186,119,252,57,222,48,410,429,373,233,278,232,250,191,585,360,405,405,498,448,256,113,387,288,222,234,95,34,248,153,271,286,86,28,403,340,185,84,40,178,287,433,43,359,138,87,344,182,497,83,478,209,316,222,206,375,1072,361,543,332,353,317,515,317,253,210,374,401,207,249,454,80,284,427,202,347,307,313,484,252,242,299,361,494,28,1033,111,321,287,330,340,285,292,352,707,44,391,206,66,268,281,260,675,162,128,66,318,317,348,300,218,368,378,65,311,288,214,108,468,470,171,567,291,460,244,431,278,264,291,544,292,150,279,272,300,464,343,332,256,199,310,447,232,332,290,362,261,335,404,375,247,322,326,217,375,23,170,318,419,34,373,107,289,147,328,422,196,734,489,122,339,282,314,433,289,376,280,381,88,241,382,302,295,226,486,285,577,268,398,289,525,63,273,322,449,221,354,391,428,390,274,333,423,215,409,403,424,316,771,266,292,319,269,539,357,195,184,284,274,319,290,269,329,541,197,103,359,377,150,391,422,280,478,158,146,131,226,356,138,280,163,354,428,326,89,222,299,256,542,324,454,398,142,375,312,165,376,277,201,286,113,291,1067,457,184,326,108,310,411,314,306,661,426,368,317,247,643,300,626,389,195,227,341,305,263,416,235,300,29,492,207,344,307,306,424,422,219,417,793,385,322,318,215,302,288,462,161,334,358,102,190,156
/Volumes/Kardon/Jenn/homeostasis/muscle quant/modified dia test/15536_2042_0.tif,49,27,134,51,22,120,128,115,123,52,142,107,85,137,148,86,57,31,61,82,47,30,63,32,22,22,77,77,95,127,25,54,89,25,28,32,72,93,38,79,144,58,29,59,51,171,62,22,43,41,93,39,90,89,72,60,61,199,33,52,45,39,146,93,231,75,213,230,130,104,136,174,59,39,37,169,128,102,171,135,45,208,192,95,55,185,121,48,175,120,57,79,90,25,46,325,75,111,33,151,83,104,46,205,31,173,120,57,22,51,136,75,103,48,30,32,130,42,56,59,59,57,32,53,83,28,87,23,157,66,22,82,288,173,192,93,57,249,115,175,74,24,92,72,205,51,96,75,64,168,284,176,154,162,240,137,53,210,48,129,45,330,115,23,73,62,134,231,263,62,109,27,217,188,119,29,118,117,275,98,61,114,118,211,153,156,113,87,58,114,141,323,113,101,220,179,111,228,111,52,91,219,65,95,89,144,134,40,40,27,31,145,129,242,51,188,34,236,120,111,178,207,92,21,138,104,159,58,22,68,174,124,116,165,81,227,69,165,25,80,88,63,31,23,48,21,196,106,33,105,108,68,42,156,22,76,71,98,118,23,68,40,36,22,99,134,22,67,120,375,41,44,94,23,31,111,91,22,67,31,191,117,46,56,77,67,117,92,129,181,66,31,57,107,186,52,21,165,250,37,96,197,34,106,110,92,38,149,217,137,52,28,32,23,145,64,61,42,37,29,99,180,162,79,21,109,141,87,129,194,22,91,55,109,52,22,89,24,84,63,97,27,124,63,41,88,105,32,58,121,55,49,29,43,51,75,178,56,78,46,95,103,135,418,197,231,204,148,307,197,21,161,128,60,210,205,73
/Volumes/Kardon/Jenn/homeostasis/muscle quant/modified dia test/16398_244_0.tif,224,189,295,134,118,252,161,255,231,271,275,182,295,175,96,214,145,130,143,120,276,256,196,342,570,120,217,648,239,133,313,181,90,224,130,184,270,336,146,206,146,306,168,419,363,291,91,179,170,178,114,235,177,260,315,125,232,275,151,159,128,159,79,259,336,234,236,140,336,134,232,177,194,410,36,217,226,65,171,221,511,142,44,48,377,29,167,63,49,314,187,150,217,248,212,157,156,276,169,151,62,192,148,244,191,95,88,366,346,201,195,133,63,178,126,160,241,216,153,278,67,115,116,49,88,144,61,348,208,327,206,258,129,176,46,210,307,100,222,422,142,280,270,389,242,389,170,443,292,342,268,182,227,270,406,142,284,284,264,415,341,214,214,322,270,198,35,220,225,421,443,181,176,168,287,76,156,184,302,150,205,199,232,183,225,284,265,283,212,207,278,152,176,208,213,169,199,301,80,291,583,28,139,232,168,199,159,41,284,107,367,216,176,311,142,253,318,185,233,166,231,187,366,129,268,189,298,163,102,194,151,121,151,286,163,226,210,116,169,121,45,67,146,178,25,46,96,104,138,203,228,165,49,203,128,263,204,232,235,228,344,130,131,85,110,214,261,267,210,90,165,188,181,227,178,330,429,180,169,478,161,288,411,269,186,116,104,157,470,179,59,264,412,66,119,277,303,55,180,420,157,372,43,100,208,263,288,128,267,161,311,228,265,126,251,205,347,257,325,88,397,307,179,203,217,354,175,160,125,299,234,358,396,246,527,277,328,25,263,152,145,332,482,233,322,207,658,150,262,232,268,329,368,264,206,82,345,281,194,421,619,213,248,206,350,422,347,232,281,320,33,274,138,159,435,36,314,518,362,249,253,167,289,821,42,229,270,386,137,88,291,368,257,92,247,204,58,379,24,243,119,395,275,293,313,286,143,79,415,70,97,132,147,102,264,378,155,155,163,322,102,489,362,368,220,277,151,276,142,928,356,324,206,209,255,122,134,218,200,300,302,291,283,138,336,407,128,401,310,144,291,368,183,213,125,184,302,447,480,204,315,241,176,326,388,216,195,275,371,36,294,86,202,99,147,351,208,366,91,89,111,94,230,367,138,246,172,114,120,192,362,94,254,423,345,137,53,294,125,206,170,198,193,90,464,101,40,28,286,112,359,312,146,175,367,235,127,139,364,201,282,311,286,207,584,70,394,158,427,268,290,181,253,145,373,200,198,521,170,368,315,356,271,295,300,231,386,313,98,362,287,172,168,773,364,329,260,289,120,203,234,394,342,340,141,165,220,33,255,171,181,313,323,431,232,158,303,311,404,176,236,168,90,163,473,317,239,204,296,413,103,254,262,230,316,395,330,297,381,255,250,373,352,630,233,428,295,162,382,335,295,145,235,311,389,59,497,288,190,417,334,258,269,220,389,403,216,325,242,303,131,293,221,329,342,370,170,298,78,350,305,349,284,229,333,400,412,182,369,337,113,183,327,284,50,439,113,99,688,290,394,276,365,307,473,401,297,329,262,207,258,310,371,126,308,354,203,221,380,225,239,201,335,152,212,143,73,288,352,114,195,365,325,142,345,64,138,172,339,345,264,54,288,151,291,333,301,370,284,96,267,220,121,275,138,194,136,263,162,201,328,147,53,168,126,136,138,121,99,365,178,456,99,74,23,41,153,271,140,313,326,232,338,284,163,57,35,117,106,113,127,106,115,145,217,103,90,126,321,26,29,105,288,209,39,340,351,78,143,440,148,191,493,199,138,60,381,209,59,308,375,329,264,83,470,236,418,149,264,270,356,291,322,296,278,254,106,335,90,370,528,457,288,311,293,311,487,524,362,316,62,369,482,366,542,59
/Volumes/Kardon/Jenn/homeostasis/muscle quant/modified dia test/16398_245_0.tif,27,219,166,165,304,135,147,167,121,97,158,101,179,95,88,134,134,118,110,79,91,159,91,226,136,45,269,73,233,237,171,222,150,361,68,44,111,294,143,248,191,190,111,91,189,176,264,82,170,239,85,115,199,189,110,176,153,108,166,107,179,45,138,213,175,200,129,122,98,87,183,49,82,198,87,201,120,69,197,99,75,92,93,190,241,178,100,209,110,214,115,81,259,195,202,157,182,81,218,272,36,132,184,49,363,137,219,196,200,142,66,143,214,201,167,164,167,151,81,61,145,168,255,418,28,120,258,314,220,230,35,276,374,468,237,192,375,335,219,162,217,359,409,293,187,402,189,212,426,266,319,242,157,259,256,161,290,375,154,268,218,279,211,247,220,259,157,239,287,279,155,271,206,222,225,221,221,198,200,146,267,235,169,262,206,58,249,378,175,156,162,183,218,283,280,178,204,282,218,128,235,124,342,139,206,305,303,222,107,160,119,227,115,216,164,256,108,151,109,123,136,113,238,70,147,95,133,112,257,158,122,142,79,176,103,112,118,212,62,134,251,119,98,81,116,221,53,186,84,120,265,287,92,96,38,146,350,90,106,415,130,43,307,246,184,165,194,90,94,205,109,245,190,179,217,125,86,192,148,177,245,381,120,102,66,106,115,147,79,115,251,125,117,179,80,123,180,161,162,235,180,211,99,109,192,334,187,182,307,227,176,114,350,179,332,304,101,145,208,273,182,374,63,270,199,113,367,516,310,284,165,204,54,316,85,518,133,231,193,224,450,250,458,319,133,285,301,365,263,184,162,196,330,302,225,270,269,153,292,319,639,273,192,291,195,99,165,293,78,27,327,100,73,592,43,277,54,28,142,278,229,639,148,376,580,249,257,82,342,155,243,249,99,90,195,330,340,147,472,88,295,211,126,95,237,66,55,221,246,375,58,597,229,179,156,96,252,430,298,82,285,259,467,401,332,158,335,230,105,180,171,298,351,108,139,178,95,208,187,280,151,293,786,569,284,307,252,261,44,93,96,344,120,231,135,72,479,169,91,329,524,172,206,346,94,156,297,162,49,70,238,213,141,397,174,437,231,321,293,165,370,715,113,186,273,83,259,565,169,186,197,354,126,145,385,192,253,278,83,154,248,85,130,259,39,28,783,774,583,115,239,201,375,109,212,323,276,153,334,541,265,272,239,169,795,22,221,217,117,207,268,153,318,135,124,360,242,36,103,206,101,245,146,282,181,254,148,189,59,221,127,89,22,370,166,119,103,352,138,69,81,169,110,253,130,63,184,209,128,88,27,293,138,176,156,206,96,42,217,344,44,101,175,213,23,111,48,54,66,275,71,223,168,54,24,64,236,96,243,207,175,248,235,281,137,324,292,129,258,103,217,337,375,146,262,206,725,404,357,82,84,313,115,266,235,173,232,304,94,32,83,218,64,349,308,225,304,282,208,258,250,387,144,633,151,265,183,404,129,419,245,207,228,276,317,134,403,353,306,266,350,637,255,64,43,158,212,295,194,248,340,646,116,22,304,231,315,315,231,186,221,130,215,236,87,174,306,179,129,382,312,215,463,73,244,303,115,116,400,366,254,157,353,133,298,148,144,207,244,184,103,205,179,157,283,23,333,304,154,191,214,170,229,118,101,57,158,273,92,230,603,95,164,326,165,261,225,192,147,144,105,307,166,325,287,214,282,827,139,294,129,181,356,286,142,86,66,133,301,314,51,245,274,97,52,299,166,194,230,105,358,101,302,235,203,91,248,314,199,165,107,48,300,225,115,720,90,285,161,153,180,335,152,455,115,247,118,294,99,260,679,240,504,64,207,382,229,278,282,58,248,131,35,297,265,104,77,390,44,234,204,28,285,128,233,239,27,56,221,296,241,285,282,291,160,94,276,41,258,38,443,23,67,56,57,39,297,67,221,252,27,301,31,27,187,122,186,100,242,252,1146,264,345,250,356,25,241,278,43,245,404,495,106,422,57,339,109,44,494,345,357,114,252,144,447,262,99,232,158,242,168,111,502,269,95
/Volumes/Kardon/Jenn/homeostasis/muscle quant/modified dia test/15539_2138_1.tif,303,116,21,90,156,83,35,130,107,65,113,194,160,54,238,224,216,178,125,121,167,235,94,106,115,120,135,48,83,162,92,188,206,178,116,275,155,281,102,133,175,233,76,28,217,158,215,110,114,81,43,173,159,91,153,252,163,291,121,144,174,118,109,114,190,217,41,83,108,70,138,304,163,277,245,24,182,115,237,48,157,147,123,156,81,157,112,97,32,157,162,71,152,139,22,23,28,143,86,82,107,41,366,36,212,79,122,58,72,92,65,299,38,277,63,181,44,152,34,224,170,102,172,150,35,166,192,176,158,80,204,87,76,94,118,37,274,249,30,249,113,96,68,356,238,150,149,133,35,181,193,58,194,121,241,217,165,305,199,219,226,176,70,187,55,201,158,189,179,111,83,109,133,242,224,64,161,42,288,138,156,21,124,122,52,112,134,160,176,56,98,103,37,203,63,224,150,84,204,216,104,241,78,130,52,149,42,238,86,193,45,96,26,165,21,39,338,93,61,307,279,26,171,22,21,316,127,73,265,53,145,53,260,113,252,176,149,234,281,23,372,134,185,171,30,201,139,252,224,268,119,72,233,295,268,85,51,136,71,226,291,150,388,24,122,25,225,490,42,250,132,24,113,179,118,309,237,34,323,149,282,22,206,299,152,210,176,147,232,160,175,241,192,200,234,150,259,199,227,22,63,189,78,136,308,95,194,142,51,155,37,184,105,166,160,142,49,43,155,129,70,182,125,164,294,219,92,150,58,261,29,168,200,272,164,21,153,150,380,77,198,285,77,238,25,199,145,89,262,199,42,214,218,98,130,305,29,25,36,243,47,68,48,68,32,142,250,192,122,97,186,93,89,226,231,312,40,181,63,191,176,107,54,270,155,112,34,195,323,51,98,39,144,87,153,93,89,53,84,135,248,258,65,58,121,28,225,143,124,183,137,81,58,63,127,26,135,163,92,76,111,216,96,175,69,183,122,31,65,273,28,55,79,41,27,222,276,136,110,69,52,117,128,66,25,83,114,27,158,156,87,239,34,23,192,23,25,53,174,170,131,101,154,139,107,61,107,120,112,221,52,188,64,137,174,21,354,22,259,30,110,118,82,38,59,244,123,247,172,199,335,128,99,145,319,281,117,61,313,137,109,279,28,194,208,68,113,146,205,207,256,233,161,243,318,88,44,203,355,233,178,74,297,226,121,212,211,287,147,269,267,71,210,134,242,167,31,134,57,168,276,174,347,99,276,241,152,208,249,183,60,134,70,225,132,109,139,123,110,156,153,93,221,61,264,75,314,183,109,419,197,207,603,192,127,232,70,177,141,211,166,138,209,134,158,290,365,219,153,23,355,135,264,218,352,367,240,142,159,180,80,129,59,311,234,127,138,139,218,83,56,141,62,39,59,109,23,116,92,197,96,139,53,144,113,29,84,280,74,21,174,154,77,94,114
/Volumes/Kardon/Jenn/homeostasis/muscle quant/modified dia test/15733_2178_1.tif,30,423,186,208,168,65,297,337,22,207,111,272,154,172,426,209,196,197,258,63,616,242,112,224,227,99,114,182,22,157,50,177,201,216,206,154,83,187,89,207,222,220,163,344,53,177,28,239,177,308,56,102,21,297,125,90,221,233,82,234,119,190,154,221,220,117,248,208,152,282,123,166,172,210,179,146,222,244,227,190,88,196,189,515,196,189,162,213,25,54,213,65,297,255,138,292,223,34,201,127,332,439,190,107,488,269,229,255,316,217,274,200,406,131,158,116,245,232,31,229,176,65,308,343,195,187,390,234,156,178,219,183,103,283,305,199,198,198,36,477,230,380,284,38,374,249,197,230,207,252,191,156,139,46,193,57,257,209,52,347,117,95,163,42,264,223,124,321,216,347,224,349,97,749,293,88,233,179,113,186,213,262,180,184,91,230,153,293,342,388,65,269,32,243,189,279,44,186,202,140,229,364,76,341,188,220,128,339,154,272,227,232,244,183,296,200,25,212,147,281,255,139,144,342,315,231,107,195,452,184,207,261,298,207,175,259,143,279,151,242,208,289,436,270,160,204,83,138,135,44,101,93,297,21,217,244,184,140,244,173,233,183,235,550,136,194,257,230,214,299,226,199,220,261,272,279,38,130,549,225,196,177,311,695,222,185,586,35,194,183,324,368,192,186,187,263,196,280,136,279,243,75,512,146,260,342,314,206,282,272,187,343,324,267,35,417,148,93,262,415,312,249,374,171,256,335,176,181,1077,604,374,283,218,302,239,221,154,267,145,136,160,239,367,253,72,126,362,144,92,279,54,217,313,221,209,342,152,39,260,185,27,445,23,282,266,222,274,165,411,210,229,264,23,210,203,107,247,277,224,128,243,23,204,278,293,277,108,256,22,178,158,75,220,171,201,207,76,27,218,188,140,172,23,274,62,42,520,206,138,295,49,154,292,172,260,39,151,45,264,239,241,104,229,30,162,40,48,163,24,25,63,191,25,22,60,37,76,26,85,183,107,124,171,228,263,78,25,239,23,204,121,42,272,259,91,25,47,292,173,210,60,198,44,687,87,247,118,111,186,146,262,221,42,179,216,140,168,204,240,139,295,54,29,153,90,401,80,236,147,185,151,160,78,144,222,132,219,74,130,96,51,212,74,213,100,193,145,80,54,56,195,327,198,238,210,284,145,217,115,407,337,215,196,232,213,308,198,205,218,399,191,298,117,372,199,213,351,209,460,308,117,291,220,252,59,184,334,137,178,92,24,338,246,199,312,220,106,213,291,207,590,32,111,292,223,176,276,189,295,376,277,297,193,178,33,53,321,316,499,49,196,48,159,136,228,205,394,242,216,197,314,208,22,21,142,242,227,322,96,122,212,288,283,41,65,254,183,188,194,263,475,466,307,169,466,274,274,212,21,228,217,246,211,71,317,50,94,150,177,235,330,30,256,282,150,92,190,342,206,237,217,183,228,163,145,45,224,147,131,190,257,203,207,190,220,224,236,178,155,162,221,377,126,147,318,119,334,127,63,64,72,225,32,261,141,305,192,280,327,21,137,31,310,466,204,25,65,401,256,27,274,122,272,84,64,41,39,242,61,244,39,90,313,297,230,65,60,74,182,227,298,243,44,322,192,296,317,241,206,392,223,390,71,441,164,59,341,56,148,37,26,303,33,513,182,286,239,196,122,259,271,667,218,264,267,441,212,102,288,252,340,202,181,265,103,72,216,344,127,239,34,176,320,671,111,330,159,283,42,36,45,194,331,129,54,347,165,97,494,60,112,32,348,224,29,89,199,248,303,182,168,370,96,147,114,25,91,232,99,265,353,137,216,32,105,192,48,87,93,82,161
/Volumes/Kardon/Jenn/homeostasis/muscle quant/modified dia test/16817_250_1.tif,52,303,38,452,45,143,309,359,250,174,296,330,141,540,199,210,229,276,207,255,192,59,287,306,143,190,83,309,190,172,182,273,221,315,228,34,40,80,169,139,122,145,173,292,203,22,291,323,133,99,267,244,101,21,70,174,345,46,386,243,79,172,262,374,136,343,202,464,346,281,260,319,310,336,224,384,394,179,295,250,318,131,357,293,374,248,265,281,461,320,209,277,351,479,391,237,136,99,433,148,315,228,268,222,220,458,122,194,767,824,418,370,143,167,253,317,455,140,361,281,195,129,114,431,157,73,388,266,194,197,210,365,305,187,281,225,282,90,467,445,190,113,264,215,262,422,352,253,283,387,342,283,237,293,256,335,337,734,289,332,148,317,390,256,86,565,75,253,520,881,208,265,312,283,328,318,108,475,364,288,379,307,295,470,238,161,122,194,135,381,511,399,144,481,139,205,256,232,310,402,337,283,326,205,533,337,132,268,541,237,264,689,232,361,364,228,69,265,226,132,274,52,432,185,261,248,160,296,121,293,293,299,261,188,234,418,206,296,386,157,145,313,23,144,340,125,431,361,175,310,299,290,288,50,340,96,95,108,225,230,204,245,48,119,151,280,355,300,377,96,91,40,77,193,50,122,181,109,79,98,111,192,107,112,264,221,223,428,235,194,112,298,291,77,22,269,204,77,248,258,97,150,64,51,139,251,189,79,285,303,281,240,319,257,54,65,70,96,137,29,167,289,112,282,363,283,103,453,285,413,141,166,138,362,400,136,379,132,211,255,149,128,280,333,256,146,286,192,260,208,354,254,401,388,334,158,137,217,172,241,112,246,105,221,105,354,126,167,287,158,300,357,169,351,171,285,312,130,165,175,262,122,203,181,322,337,159,309,182,182,222,79,388,298,133,118,115,251,93,311,179,302,410,215,206,41,381,140,297,151,141,202,240,373,194,223,309,294,335,225,108,319,135,344,171,213,159,137,246,251,279,330,266,95,89,161,340,222,371,261,112,246,104,235,153,150,218,43,121,51,300,211,223,276,162,211,306,107,253,254,248,366,130,177,127,198,253,170,373,197,191,413,171,242,242,105,137,445,251,223,254,273,165,481,256,134,251,332,297,238,316,229,518,160,76,395,148,192,108,226,524,139,176,243,58,343,370,120,253,267,291,167,383,211,133,202,103,152,275,227,111,166,247,369,95,285,223,205,269,253,206,127,354,320,259,247,184,295,244,280,67,285,351,104,209,240,299,303,315,239,275,194,282,144,250,328,145,61,147,236,336,262,258,357,244,244,396,218,284,266,322,104,305,77,164,296,255,236,379,150,219,177,151,231,237,453,237,140,133,132,277,265,198,219,186,338,238,166,119,217,420,64,196,200,145,166,517,116,128,233,162,181,116,94,148,150,116,142,424,224,426,321,342,138,147,209,288,392,115,297,251,177,263,104,199,326,521,212,232,314,308,187,441,418,166,249,258,205,166,243,295,25,180,119,117,294,195,114,142,196,245,410,126,145,329,534,117,321,225,76,203,171,157,103,201,361,208,346,197,152,179,306,338,221,358,155,258,219,314,80,181,330,192,97,387,178,416,205,340,320,369,232,282,339,237,284,300,283,217,316,213,304,143,201,162,260,303,87,177,116,33,102,38,100,166,74,85,99,95,82,142,98,97,99,135,47,124,79,89,123
/Volumes/Kardon/Jenn/homeostasis/muscle quant/modified dia test/15732_2167_1.tif,68,140,80,21,55,157,62,142,49,81,213,145,87,170,171,98,49,150,256,85,147,285,121,115,199,122,239,142,168,28,178,263,78,230,219,86,283,249,266,257,145,189,138,143,261,260,167,269,74,131,179,343,135,283,605,270,158,235,254,150,258,36,26,121,226,175,181,72,179,49,275,244,85,369,45,224,39,79,333,207,244,37,37,74,208,139,60,32,219,239,28,31,383,295,320,151,242,234,221,124,233,156,147,90,22,27,116,172,197,117,164,102,191,146,74,46,35,39,103,36,167,37,55,52,65,111,159,135,26,144,34,64,261,22,234,21,37,242,349,119,114,27,134,207,164,93,29,129,153,153,111,217,298,336,152,228,155,93,197,63,117,68,209,139,198,324,201,153,185,319,327,118,229,47,135,241,110,145,162,283,253,135,443,154,526,47,224,39,73,160,209,295,72,440,207,156,272,292,173,108,137,189,176,188,63,227,37,295,141,319,222,65,175,361,41,240,218,192,219,231,224,269,84,224,133,156,242,256,113,277,177,126,152,24,127,344,215,334,132,537,256,261,100,56,186,24,231,43,113,258,133,328,188,138,416,247,186,240,123,53,176,152,274,180,379,181,132,32,205,182,81,118,248,26,285,71,94,61,185,153,127,64,66,200,62,196,24,474,208,217,76,463,147,197,194,144,160,27,22,161,123,157,98,244,139,249,269,112,92,187,23,64,34,40,116,35,45,199,44,22,68,52,34,158,169,164,170,58,202,33,97,23,204,170,136,102,29,207,271,157,209,168,35,85,238,23,67,62,126,89,128,149,46,224,268,97,161,203,221,102,137,178,341,269,171,210,160,116,57,22,49,377,225,189,215,266,341,96,55,121,52,176,119,240,259,44,234,30,200,145,182,332,96,195,185,34,299,140,261,260,145,157,208,247,245,154,49,214,140,248,288,358,34,257,209,58,148,96,204,163,153,110,403,279,211,360,80,112,90,168,480,184,226,213,207,214,108,331,248,292,92,153,162,276,429,125,49,26,153,259,142,321,345,275,108,96,88,61,194,241,267,344,284,303,253,121,59,232,171,340,149,298,318,170,46,95,125,265,336,137,256,260,119,107,188,247,72,91,215,27,215,911,274,228,219,267,28,234,198,415,249,51,108,47,165,341,170,158,92,27,198,230,51,160,188,198,179,212,82,146,40,122,207,264,198,43,68,228,153,325,217,171,237,98,132,271,127,96,157,186,66,150,226,217,422,371,99,160,156,137,269,159,224,319,170,230,21,110,194,242,176,373,216,161,153,147,310,161,262,238,98,221,520,289,186,114,192,222,215,112,233,147,170,238,296,252,219,205,225,266,279,118,200,205,86,246,223,199,144,113,238,256,196,170,95,82,254,278,277,521,232,172,296,467,141,96,57,309,106,212,229,321,188,174,165,219,88,125,243,195,193,115,220,153,316,128,159,210,142,178,28,178,227,498,162,194,323,96,152,126,37,76,188,64,174,177,250,111,127,22,174,84,196,197,189,56,44,109,164,89,151,205,134,173,188,169,105,165,136,110,165,175,69,67,161,92,96,185,201,173,76,83,136,182,84,67,155,47,174,112,171,22,57,23,171,183,225,116,167,197,259,145,183,43,934,215,147,85,41,114,210,173,276,71,153,140,263,203,231,200,185,99,304,130,145,176,98,253,161,250,24,94,221,57,98,249,76,224,192,128,366,104,269,292,153,51,148,187,96,48,90,108,277,176,84,194,107,124
/Volumes/Kardon/Jenn/homeostasis/muscle quant/modified dia test/16185_2108_0.tif,26,25,43,333,269,186,142,25,398,231,48,184,52,195,86,120,289,117,50,34,23,97,162,23,743,23,150,200,116,108,88,176,159,31,301,150,417,95,242,40,125,117,220,38,61,106,302,336,199,111,156,34,84,190,82,46,192,218,143,284,163,39,23,38,194,250,239,26,195,143,61,96,265,48,160,26,91,186,121,168,94,33,135,142,196,129,109,132,138,81,21,163,137,144,21,38,33,76,100,29,33,91,194,69,160,108,304,26,27,208,360,34,161,112,204,379,43,140,847,141,129,21,315,32,206,146,130,317,171,35,79,324,51,128,179,454,146,247,183,368,193,91,295,127,30,119,839,373,373,232,217,29,229,124,218,119,269,263,265,62,130,68,494,35,311,314,262,159,218,145,46,270,85,85,132,244,329,51,278,213,85,34,426,310,377,36,298,113,305,172,330,89,75,240,25,97,151,227,176,99,62,300,135,284,200,76,102,32,41,260,219,911,87,119,538,152,84,161,211,93,128,54,352,178,29,154,313,179,590,250,48,322,331,236,239,300,237,250,22,37,159,338,106,270,215,216,179,197,181,34,93,314,122,141,61,64,86,208,345,207,33,66,278,56,234,367,320,38,26,38,64,228,154,39,181,32,149,41,81,202,232,277,108,183,79,108,296,272,130,298,365,131,124,193,25,240,129,142,102,98,237,417,159,355,385,199,239,620,225,205,35,279,278,55,173,39,107,421,316,160,183,247,252,263,112,229,50,208,39,378,252,220,31,519,515,223,598,324,161,229,312,274,249,183,388,59,152,206,30,214,204,93,343,383,91,22,249,158,283,366,78,257,97,233,109,250,355,116,194,83,68,208,414,599,154,142,259,222,44,306,58,49,92,340,63,132,88,227,133,274,175,63,225,160,30,148,194,25,277,26,170,128,238,206,362,107,37,63,248,435,199,188,267,233,202,501,63,27,29,198,27,245,228,399,208,131,150,303,27,203,47,72,67,142,221,24,245,415,180,275,312,169,22,186,166,49,142,285,25,213,143,194,51,278,28,32,237,36,200,82,74,333,202,41,115,228,245,77,196,108,285,258,109,153,263,441,233,184,435,226,179,77,28,223,164,54,189,367,297,168,243,289,307,313,216,39,408,238,110,188,291,80,216,104,26,167,267,259,129,380,80,150,233,81,88,111,117,203,31,326,383,372,438,316,338,300,173,226,36,143,48,431,209,266,227,92,232,380,100,148,21,231,292,175,295,215,69,438,161,252,102,240,253,24,48,195,66,157,21,307,118,186,361,22,34,228,225,83,26,43,118,192,209,348,45,26,50,428,99,56,165,286,150,217,254,150,23,24,240,304,32,167,198,116,186,203,280,250,130,115,207,220,428,209,297,181,421,240,240,99,137,39,202,278,179,304,55,135,234,207,161,23,168,166,238,245,25,262,227,247,89,177,267,256,263,46,140,198,217,223,186,156,160,277,147,180,253,252,165,201,38,38,208,138,82,124,164,115,51,130,23,284,459,317,216,272,75,589,181,284,297,143,239,130,346,59,230,282,225,59,381,154,57,300,30,325,175,257,572,104,192,473,365,307,266,533,141,178,227,164,270,259,149,794,262,110,85,320,554,329,99,265,308,171,247,428,195,482,178,201,567,73,332,289,41,256,341,239,55,252,283,177,399,202,262,286,277,537,217,290,217,174,323,164,288,399,374,33,354,174,281,322,297,54,388,381,269,342,41,243,249,274,277,239,186,230,211,272,307,424,219,278,72,65,160,329,232,105,363,268,45,299,309,69,42,40,261,25,395,26,95,265,179,176,394,441,252,121,377,323,134,388,306,229,55,106,172,355,50,66,21,113,78,143,23,28,73,32,65
/Volumes/Kardon/Jenn/homeostasis/muscle quant/modified dia test/15734_2206_1.tif,147,180,111,112,44,112,157,45,187,116,73,138,173,109,99,165,113,21,130,186,122,37,95,24,48,135,102,139,22,252,244,33,128,126,196,99,380,108,113,23,49,24,57,35,93,26,211,56,193,30,60,21,110,46,37,167,136,108,34,85,35,25,101,48,54,69,196,174,58,57,100,63,24,93,76,91,142,31,84,45,28,33,45,92,97,117,109,111,98,162,67,82,55,60,66,135,74,44,82,57,48,41,38,209,66,99,120,43,79,106,37,136,46,340,193,33,87,36,90,64,68,103,31,119,24,25,147,158,76,191,140,21,34,235,43,30,34,82,151,58,119,29,28,26,21,43,220,37,27,128,25,46,21,97,114,66,100,53,37,26,47,26,141,68,186,23,31,54,88,51,147,81,107,24,93,28,34,29,21,30,137,38,32,42,80,147,323,62,124,153,101,87,52,151,127,42,125,220,94,113,96,70,35,135,36,90,55,49,283,109,37,39,107,81,21,51,63,86,46,103,66,118,27,74,88,21,67,28,21,50,124,70,84,56,86,29,110,52,102,50,36,34,118,80,111,30,48,134,45,90,42,44,26,88,26,110,35,31,87,44,80,68,85,86,76,147,49,32,55,47,26,128,166,83,139,60,106,78,43,120,40,33
/Volumes/Kardon/Jenn/homeostasis/muscle quant/modified dia test/15733_2186_1.tif,105,97,76,107,109,116,57,57,121,72,28,60,58,112,36,52,58,103,145,100,122,56,96,55,33,29,48,34,26,57,59,93,35,60,44,111,65,80,28,21,124,57,23,41,79,51,59,130,41,37,217,40,95,27,125,67,80,84,21,127,41,22,111,104,74,90,153,72,119,89,90,65,67,80,135,90,143,56,27,147,120,157,50,127,31,21,56,32,79,124,71,61,23,56,37,48,143,77,30,54,40,32,63,69,62,66,23,88,45,85,92,206,49,136,160,151,122,85,72,135,33,71,63,81,137,98,55,55,53,25,54,26,107,35,68,46,29,30,88,62,68,51,22,52,30,28,35,156,88,121,24,86,53,31,44,46,84,77,89,138,162,124,59,168,50,43,129,38,99,90,107,22,23,86,33,25,26,24,78,22,39,30,101,24,371,26,44,121,74,74,60,105,25,58,35,108,63,126,25,50,119,282,104,148,73,336,99
/Volumes/Kardon/Jenn/homeostasis/muscle quant/modified dia test/16395_248_1.tif,204,140,394,130,268,358,201,107,184,40,312,160,249,138,129,361,205,89,135,262,134,70,207,61,92,297,153,250,227,227,244,309,356,51,92,168,340,271,146,243,48,253,221,346,257,291,125,363,252,33,99,275,471,79,26,87,158,263,193,230,196,51,251,318,167,41,111,270,139,77,319,76,83,308,324,41,276,121,347,204,74,239,90,186,243,138,148,221,171,390,163,154,194,263,161,282,241,268,214,122,158,271,176,287,138,329,82,180,335,104,21,118,140,52,171,138,282,646,208,30,231,155,63,219,24,186,136,220,235,345,343,274,82,292,81,48,147,222,68,179,119,147,330,44,256,111,113,201,115,167,154,291,229,175,204,42,252,193,92,22,52,124,34,235,223,225,108,125,150,268,202,163,97,95,93,206,138,244,245,122,215,173,152,193,171,317,148,175,285,124,119,166,242,92,145,359,232,219,192,199,176,231,27,177,160,241,135,232,83,62,66,144,297,420,103,229,157,147,224,191,47,155,53,104,155,126,170,168,122,32,215,107,144,267,161,169,400,214,287,62,86,107,125,207,219,318,230,239,171,226,40,194,31,287,192,225,431,199,98,266,172,236,198,190,242,24,361,196,627,199,140,201,191,54,253,247,128,174,278,212,156,249,31,200,117,138,351,269,215,311,81,220,251,234,125,304,174,230,23,151,90,463,217,471,118,146,223,112,283,47,187,157,61,27,89,268,218,183,242,251,90,364,169,66,166,223,319,45,116,180,72,213,151,249,109,187,127,149,124,185,195,213,180,268,75,471,297,131,222,113,176,107,268,201,74,398,136,199,306,151,112,29,172,309,237,127,187,182,96,173,41,139,248,175,258,252,238,172,183,405,206,203,156,118,131,210,97,98,177,269,225,248,231,150,253,274,54,200,494,259,238,201,154,150,68,283,242,289,787,370,253,242,57,439,249,202,289,156,292,212,240,239,32,228,136,297,343,251,213,238,379,316,381,224,306,174,331,32,217,215,108,201,30,258,91,342,223,116,217,149,45,27,175,210,260,247,238,331,407,21,261,263,119,142,138,353,27,177,216,210,226,191,241,234,172,286,300,136,285,293,236,257,210,167,381,250,173,208,27,230,231,269,247,201,62,78,280,272,240,265,184,45,99,204,382,23,248,203,158,251,273,278,192,244,44,147,215,222,212,33,121,119,45,276,196,215,283,356,279,245,38,156,91,246,309,403,276,182,272,53,247,229,418,193,227,175,40,193,218,208,81,345,212,111,140,143,319,187,162,373,215,92,296,202,149,122,351,217,151,246,387,106,302,71,173,380,69,299,33,599,424,176,60,332,302,307,74,325,342,142,207,277,259,163,215,53,590,304,32,256,271,777,296,295,105,262,294,201,251,109,380,350,280,23,170,104,157,260,35,255,162,127,336,269,359,295,405,80,140,302,120,269,290,238,350,240,242,51,303,112,312,208,328,330,732,410,40,119,247,229,225,268,234,254,201,263,285,55,302,117,274,280,374,243,54,126,239,38,236,226,199,159,277,285,317,171,104,35,155,113,45,137,345,209,42,65,118,349,300,168,23,315,220,416,134,329,207,349,134,235,284,329,233,666,174,120,147,178,115,116,261,71,239,131,128,187,226,316,43,174,172,23,101,229,97,55,223,191,201,93,184,167,60,378,251,259,108,324,236,43,208,216,238,377,207,158,222,227,23,163,215,322,375,283,38,162,218,406,156,185,246,227,27,278,274,328,117,120,292,307,292,124,175,150,259,243,148,187,230,249,126,349,241,227,267,248,307,185,248,224,249,301,221,209,245,139,465,333,243,296,354,197,152,268,315,293,184,193,257,235,354,406,76,295,281,186,114,299,261,125,374,33,187,437,23,27
/Volumes/Kardon/Jenn/homeostasis/muscle quant/modified dia test/16395_249_1.tif,109,85,170,124,203,106,140,66,88,135,126,220,162,121,223,155,179,23,134,194,229,216,271,53,251,194,78,25,53,131,312,185,135,67,197,59,131,115,315,79,79,86,134,122,285,55,82,140,52,86,265,315,182,181,67,48,254,136,74,36,82,69,114,182,60,47,67,71,246,217,97,56,64,128,72,93,280,131,204,175,280,31,123,166,119,175,90,92,160,47,368,24,83,112,162,239,83,28,78,45,219,121,268,132,212,133,50,53,42,281,56,104,244,79,696,227,73,240,228,108,253,119,96,321,274,493,215,145,50,172,301,125,161,227,173,340,37,252,167,376,163,204,53,131,147,148,185,94,203,194,203,236,170,305,287,100,239,30,196,431,74,75,252,26,36,24,138,214,56,265,348,90,448,138,258,84,126,92,178,285,167,341,290,230,59,148,246,261,126,175,83,261,218,177,192,78,347,91,312,194,333,177,291,46,111,180,249,321,164,255,92,300,215,286,100,224,90,280,41,106,186,183,175,136,77,158,98,113,85,189,229,108,215,148,89,133,205,146,116,118,50,83,136,39,129,275,313,289,296,151,275,54,209,199,39,134,94,209,52,65,239,146,213,234,127,322,198,112,178,39,198,230,137,120,149,119,45,58,186,121,460,326,181,43,236,101,226,131,69,253,73,492,315,108,254,187,253,199,113,173,192,215,67,288,76,85,106,231,98,206,246,30,29,196,226,215,790,145,41,162,268,477,245,295,482,279,72,79,272,106,98,224,53,178,158,58,89,144,39,37,156,221,203,247,185,541,199,231,50,100,135,179,41,320,199,166,94,269,239,232,56,114,232,90,228,388,686,254,270,75,158,41,285,395,44,226,343,237,116,108,151,161,121,160,74,215,59,339,204,168,293,153,124,129,204,193,206,320,340,264,146,234,88,247,179,571,127,215,248,94,352,323,245,49,268,45,249,248,72,129,340,308,312,69,91,275,163,74,82,242,247,227,79,96,31,195,293,109,247,108,256,340,42,93,255,104,35,220,272,257,172,134,486,67,179,49,227,115,286,286,161,116,48,157,177,249,41,417,200,142,196,109,218,75,319,127,223,280,295,265,151,91,310,278,268,270,168,384,235,137,297,125,142,64,670,212,274,341,109,325,107,238,517,233,344,167,135,224,312,111,273,308,169,265,614,194,125,220,326,188,803,196,311,108,227,184,147,276,163,105,506,267,328,168,329,220,153,252,77,22,286,212,176,145,185,96,215,299,328,207,103,89,202,309,168,163,159,234,156,356,270,252,278,142,229,162,254,115,283,235,620,288,367,285,263,171,45,255,104,205,218,321,68,338,115,83,203,312,35,197,182,391,119,501,74,322,351,206,278,310,90,271,644,373,220,578,267,183,52,175,377,260,360,340,295,376,90,268,248,292,263,145,591,100,127,162,253,284,208,34,128,296,251,139,270,106,252,332,131,289,341,259,111,100,365,358,103,197,78,380,187,243,279,298,94,49,368,263,213,354,285,357,202,558,165,214,97,300,203,306,405,569,242,164,130,475,434,226,377,130,122,229,203,265,83,366,190,98,193,247,315,269,119,142,105,265,76,205,293,289,294,269,192,256,229,102,392,110,314,200,61,182,126,332,277,206,218,155,62,168,150,175,96,300,173,365,118,220,281,230,222,252,143,27,221,248,295,172,116,235,320,230,205,239,348,366,155,76,101,156,191,282,278,57,254,277,325,122,174,121,246,300,284,139,178,359,26,101,279,249,276,56,116,146,106,352,259,362,140,193,110,293,458,293,265,279,77,349,54,289,134,395,141,422,238,206,106,332,345,493,344,256,225,402,141,79,231,176,366,58,84,278,232,173,110,68,127,241,396,184,273,114,433,118,154,298,168,88,64,311,177,201,416,296,290,113,300,359,210,261,221,299,419,163,323,92,288,251,245,258,364,248,239,254,204,258,235,221,35,265,190,187,204,309,357,77,327,105,188,173,251,231,387,342,103,362,297,124,327,315,344,327,267,765,80,255,181,243,311,436,235,293,271,256,225,185,306,303,238,182,37,156,255,213,129,516,443,108,47,272,282,219,128,131,277,219,295,257,426,75,124,274,38,367,221,298,238,294,379,181,361,195,559,400,252,206,89,345,294,288,297,235,242,262,356,208,498,603,223,236,38,245,267,336,239,133,132,249,342,338,212,202,69,357,463,257,134,335,111,269,220,188,231,147,311,249,188,272,368,280,281,197,196,77,229,103,150,436,94,357,253,266,183,217,79,272,203,270,243,399,57,126,311,264,255,282,137,350,351,174,348,316,67,153,33,294,266,361,552,292,171,241,117,328,229,265,119,331,190,179,408,129,69,179
